n,xA,meanA,stddevA,xB,meanB,stddevB,xC,meanC,stddevC
1,0,1.0000,0.0000,1,1.0000,0.0000,1,1.0000,0.0000
2,1,1.1000,0.3000,2,1.4000,0.4899,8,1.3000,0.4583
3,2,1.5000,0.5000,3,1.7000,0.6403,27,1.6000,0.6633
4,2,1.9000,0.5385,4,1.8000,0.8718,64,1.8000,0.6000
5,3,2.0000,0.6325,5,1.7000,0.6403,125,2.1000,0.7000
6,3,2.3000,1.0050,6,2.2000,0.8718,216,2.5000,0.9220
7,3,2.0000,1.0000,7,2.7000,1.1000,343,2.8000,1.0770
8,3,1.3000,0.4583,8,2.1000,0.5385,512,2.3000,1.0050
9,4,1.7000,0.6403,9,2.6000,0.9165,729,3.2000,1.5362
10,4,2.2000,0.6000,10,2.7000,1.1874,1000,2.9000,1.3748
11,4,2.0000,0.6325,11,3.1000,1.3000,1331,2.9000,1.3000
12,4,2.4000,0.6633,12,2.5000,1.1180,1728,3.1000,1.1358
13,4,2.5000,0.9220,13,3.0000,0.8944,2197,2.6000,0.8000
14,4,2.2000,0.7483,14,3.2000,0.8718,2744,2.9000,0.9434
15,4,2.8000,1.1662,15,3.4000,1.1136,3375,3.0000,0.7746
16,4,3.0000,0.6325,16,2.1000,1.0440,4096,2.4000,1.5620
17,5,2.4000,1.0198,17,2.7000,1.1000,4913,3.0000,1.2649
18,5,2.7000,1.0050,18,1.5000,0.6708,5832,3.1000,1.0440
19,5,2.7000,0.6403,19,3.0000,1.3416,6859,3.5000,1.5000
20,5,2.4000,1.0198,20,3.2000,0.8718,8000,3.5000,1.4318
21,5,3.0000,0.6325,21,2.8000,1.4000,9261,3.4000,0.6633
22,5,2.2000,0.7483,22,2.9000,1.0440,10648,3.8000,1.4000
23,5,2.5000,1.0247,23,3.0000,1.7889,12167,3.8000,1.5362
24,5,1.9000,0.9434,24,2.5000,1.2845,13824,4.7000,1.1874
25,5,2.4000,1.0198,25,3.3000,1.3454,15625,3.5000,0.9220
26,5,2.8000,0.6000,26,4.0000,1.6733,17576,4.1000,1.6401
27,5,2.3000,1.0050,27,3.5000,0.6708,19683,4.5000,0.9220
28,5,2.6000,1.2806,28,3.8000,1.5362,21952,2.7000,1.2689
29,5,2.4000,0.9165,29,3.5000,0.9220,24389,4.1000,1.1358
30,5,1.9000,0.9434,30,3.7000,1.6155,27000,4.4000,1.5620
31,5,2.3000,1.1874,31,3.5000,1.2042,29791,4.1000,1.3748
32,5,2.5000,0.8062,32,4.3000,1.6155,32768,3.4000,1.2806
33,6,2.8000,1.3266,33,4.0000,1.9494,35937,4.0000,2.1448
34,6,2.2000,0.7483,34,3.1000,1.2207,39304,3.9000,1.2207
35,6,2.4000,0.9165,35,3.1000,1.2207,42875,4.4000,1.6852
36,6,2.9000,1.3000,36,3.7000,2.3259,46656,4.7000,1.7349
37,6,3.2000,1.1662,37,3.7000,1.3454,50653,4.1000,1.3748
38,6,2.3000,0.9000,38,4.6000,2.0591,54872,5.0000,1.7889
39,6,2.5000,1.0247,39,3.1000,1.6401,59319,4.5000,1.3601
40,6,3.0000,0.7746,40,3.5000,1.3601,64000,4.5000,1.1180
41,6,2.7000,1.1000,41,3.8000,1.0770,68921,3.7000,1.4177
42,6,2.9000,0.8307,42,4.0000,1.8974,74088,3.9000,1.5133
43,6,3.0000,1.2649,43,4.3000,1.4866,79507,4.4000,1.9079
44,6,2.6000,0.6633,44,3.1000,0.8307,85184,4.3000,1.3454
45,6,2.8000,0.9798,45,4.0000,1.5492,91125,4.7000,2.0025
46,6,2.3000,1.0050,46,3.5000,1.2845,97336,4.3000,1.9000
47,6,2.4000,1.0198,47,4.6000,1.0198,103823,5.0000,1.3416
48,6,2.2000,0.7483,48,4.6000,1.2000,110592,3.8000,1.1662
49,6,2.5000,0.5000,49,4.8000,1.4697,117649,5.0000,1.1832
50,6,2.3000,0.6403,50,3.8000,1.4697,125000,4.2000,0.9798
51,6,3.1000,0.5385,51,4.3000,1.4177,132651,4.7000,1.7916
52,6,3.3000,1.3454,52,5.1000,1.4457,140608,3.5000,1.5652
53,6,2.5000,1.0247,53,3.7000,1.8466,148877,5.0000,1.0954
54,6,2.7000,1.1000,54,4.2000,1.7776,157464,5.3000,1.5524
55,6,2.7000,0.9000,55,4.0000,2.0976,166375,4.5000,1.4318
56,6,3.1000,0.9434,56,4.3000,1.6155,175616,4.9000,1.1358
57,6,2.3000,1.0050,57,5.2000,1.8868,185193,4.4000,1.4283
58,6,2.7000,1.0050,58,3.8000,1.3266,195112,5.2000,1.5362
59,6,3.2000,0.9798,59,4.7000,1.6763,205379,3.7000,2.0025
60,6,2.3000,1.1000,60,4.6000,1.1136,216000,4.5000,1.1180
61,6,2.5000,1.2042,61,5.1000,1.3748,226981,5.4000,2.0591
62,6,2.4000,0.4899,62,4.2000,1.3266,238328,5.7000,1.4177
63,6,2.7000,1.1874,63,3.6000,1.6248,250047,5.1000,2.2113
64,6,2.8000,1.1662,64,5.0000,1.0954,262144,5.0000,0.8944
65,7,2.3000,0.6403,65,4.8000,1.1662,274625,5.0000,1.1832
66,7,2.8000,1.0770,66,4.1000,1.7000,287496,5.2000,1.4697
67,7,2.7000,1.3454,67,4.7000,1.7916,300763,4.2000,1.9391
68,7,2.5000,1.0247,68,3.8000,1.2490,314432,4.6000,1.2000
69,7,3.0000,1.1832,69,5.1000,2.0712,328509,4.6000,1.1136
70,7,2.9000,1.3748,70,3.7000,0.9000,343000,5.0000,2.5298
71,7,2.1000,1.0440,71,4.9000,1.9209,357911,4.9000,1.5780
72,7,2.5000,0.6708,72,4.9000,1.1358,373248,4.4000,1.7436
73,7,3.7000,1.0050,73,5.1000,1.7578,389017,4.6000,2.2450
74,7,2.7000,0.9000,74,4.3000,1.0050,405224,5.0000,1.1832
75,7,2.5000,0.9220,75,4.3000,1.6763,421875,4.7000,1.6155
76,7,3.2000,1.3266,76,4.6000,1.4967,438976,6.1000,1.4457
77,7,2.8000,0.7483,77,5.6000,1.3565,456533,4.8000,1.2490
78,7,2.9000,0.9434,78,4.2000,1.3266,474552,5.1000,1.8682
79,7,2.5000,1.0247,79,4.4000,1.6248,493039,5.3000,1.6763
80,7,2.1000,0.9434,80,3.9000,1.2207,512000,4.4000,1.2000
81,7,2.9000,1.3000,81,5.0000,1.8439,531441,6.1000,1.5780
82,7,2.5000,1.2845,82,5.1000,1.0440,551368,4.8000,1.5362
83,7,2.8000,1.4000,83,4.6000,1.6852,571787,4.5000,2.0125
84,7,2.7000,1.0050,84,4.8000,2.0396,592704,3.9000,1.7000
85,7,2.9000,1.6401,85,5.0000,2.0494,614125,5.0000,1.4142
86,7,3.0000,1.0000,86,4.8000,1.8868,636056,4.6000,1.4967
87,7,3.1000,1.3000,87,5.0000,1.4142,658503,5.0000,1.5492
88,7,2.0000,0.7746,88,4.8000,1.6000,681472,4.4000,1.4967
89,7,2.7000,1.5524,89,4.5000,1.5000,704969,5.3000,1.3454
90,7,2.2000,1.0770,90,4.4000,1.4967,729000,5.0000,2.4900
91,7,2.2000,0.8718,91,5.7000,1.4866,753571,4.5000,1.5652
92,7,2.8000,1.0770,92,4.6000,1.2000,778688,3.8000,1.7776
93,7,2.7000,0.9000,93,4.2000,0.9798,804357,4.9000,1.1358
94,7,2.5000,1.2042,94,4.6000,1.8547,830584,4.7000,1.4866
95,7,2.6000,0.9165,95,4.8000,1.4000,857375,5.4000,1.2806
96,7,2.5000,1.0247,96,4.9000,1.4457,884736,5.1000,2.1190
97,7,3.2000,0.4000,97,4.3000,1.4177,912673,4.6000,1.3565
98,7,2.3000,0.6403,98,3.4000,2.1071,941192,5.1000,1.6401
99,7,2.7000,0.9000,99,5.6000,2.2891,970299,4.8000,2.4819
100,7,2.5000,0.8062,100,3.7000,1.1000,1000000,4.5000,1.9105
101,7,2.7000,1.0050,101,4.2000,1.3266,1030301,5.4000,1.9596
102,7,3.0000,0.7746,102,4.9000,1.3748,1061208,5.2000,1.6613
103,7,2.5000,1.2042,103,4.9000,1.5133,1092727,4.8000,1.6000
104,7,2.3000,1.0050,104,4.7000,1.7349,1124864,5.3000,0.6403
105,7,2.7000,1.3454,105,3.7000,1.6155,1157625,6.3000,2.4104
106,7,3.5000,1.1180,106,4.5000,2.0616,1191016,5.3000,2.3685
107,7,2.4000,1.3565,107,5.0000,1.8439,1225043,6.0000,1.7321
108,7,2.4000,0.9165,108,4.9000,1.5133,1259712,4.6000,1.4967
109,7,3.1000,1.1358,109,4.8000,1.8868,1295029,5.0000,1.3416
110,7,2.9000,1.1358,110,4.6000,1.7436,1331000,5.9000,1.3748
111,7,3.1000,1.3000,111,4.5000,1.9105,1367631,4.8000,1.2490
112,7,1.9000,0.7000,112,4.3000,1.4177,1404928,4.8000,2.6382
113,7,2.7000,1.4866,113,4.6000,1.4283,1442897,6.2000,2.0396
114,7,2.9000,1.0440,114,5.4000,1.6248,1481544,5.5000,1.6882
115,7,2.2000,0.9798,115,5.1000,1.7000,1520875,5.8000,2.1817
116,7,2.6000,1.0198,116,5.2000,1.4697,1560896,6.0000,2.6077
117,7,3.8000,1.2490,117,3.5000,1.2042,1601613,5.0000,2.1448
118,7,3.1000,1.2207,118,5.3000,1.3454,1643032,5.6000,2.1071
119,7,2.7000,0.9000,119,5.0000,1.4832,1685159,5.5000,2.1095
120,7,2.5000,0.8062,120,4.9000,1.9209,1728000,4.4000,1.2000
121,7,2.6000,1.0198,121,4.4000,1.2000,1771561,4.5000,1.2845
122,7,2.9000,1.0440,122,4.7000,1.5524,1815848,5.5000,2.8373
123,7,2.2000,0.7483,123,5.3000,1.6155,1860867,4.6000,1.6248
124,7,2.7000,1.2689,124,4.7000,1.6763,1906624,4.5000,1.2845
125,7,2.4000,0.8000,125,5.4000,1.7436,1953125,6.3000,1.6763
126,7,2.5000,0.5000,126,4.9000,1.9209,2000376,3.8000,1.3266
127,7,2.7000,1.1874,127,5.8000,1.8330,2048383,5.2000,1.4000
128,7,2.0000,1.0954,128,5.7000,1.7916,2097152,5.6000,1.8547
129,8,2.2000,0.7483,129,3.8000,1.4000,2146689,5.8000,1.8330
130,8,3.1000,1.3748,130,4.9000,1.5780,2197000,4.2000,1.4697
131,8,3.6000,1.1136,131,4.5000,1.3601,2248091,6.1000,2.3000
132,8,2.7000,1.1000,132,5.1000,1.5780,2299968,5.7000,2.4515
133,8,3.0000,1.0000,133,5.1000,1.7000,2352637,6.3000,2.4104
134,8,3.0000,1.0954,134,5.7000,1.6763,2406104,5.2000,1.6613
135,8,2.7000,1.4177,135,5.2000,1.7776,2460375,5.6000,2.5768
136,8,2.4000,1.0198,136,5.6000,2.0100,2515456,5.0000,1.6125
137,8,3.0000,1.3416,137,4.1000,1.2207,2571353,5.5000,1.6882
138,8,3.4000,1.4283,138,4.6000,1.7436,2628072,5.1000,2.3000
139,8,2.7000,1.0050,139,6.2000,0.9798,2685619,5.5000,2.0616
140,8,2.7000,0.6403,140,5.7000,1.7916,2744000,5.5000,1.5000
141,8,2.8000,1.4697,141,4.5000,1.7464,2803221,5.6000,2.3749
142,8,2.7000,1.1000,142,5.6000,2.4576,2863288,7.7000,2.7586
143,8,3.2000,1.0770,143,5.1000,2.0712,2924207,6.0000,1.3416
144,8,3.2000,1.1662,144,4.9000,1.7000,2985984,4.2000,1.7205
145,8,3.0000,1.3416,145,5.3000,2.2825,3048625,5.2000,1.8330
146,8,3.1000,0.8307,146,5.7000,2.1000,3112136,6.3000,2.6096
147,8,3.1000,0.5385,147,4.9000,2.5475,3176523,5.6000,1.4967
148,8,2.4000,0.9165,148,4.8000,1.4000,3241792,5.2000,2.0881
149,8,3.5000,0.8062,149,4.8000,2.4000,3307949,5.4000,2.0100
150,8,3.0000,1.0954,150,3.3000,1.4866,3375000,5.3000,1.4866
151,8,2.7000,0.6403,151,4.9000,2.3000,3442951,6.2000,1.1662
152,8,3.3000,1.1874,152,5.9000,0.7000,3511808,5.4000,1.2000
153,8,2.7000,1.3454,153,5.2000,1.8330,3581577,5.0000,1.4142
154,8,3.2000,1.1662,154,5.1000,1.5133,3652264,5.6000,2.0591
155,8,2.1000,0.5385,155,4.3000,1.1000,3723875,5.0000,1.8439
156,8,2.4000,1.2806,156,5.3000,2.0025,3796416,5.9000,1.3748
157,8,3.0000,1.0000,157,5.8000,2.4413,3869893,6.4000,1.6852
158,8,2.6000,0.9165,158,4.2000,1.9391,3944312,5.6000,1.9596
159,8,2.6000,1.0198,159,6.0000,1.8974,4019679,5.4000,1.3565
160,8,3.0000,1.3416,160,5.2000,2.1354,4096000,6.5000,1.6882
161,8,3.1000,0.9434,161,4.3000,1.6155,4173281,5.1000,2.1656
162,8,3.0000,1.2649,162,4.0000,2.2361,4251528,5.4000,1.2806
163,8,2.3000,0.7810,163,5.5000,1.1180,4330747,5.9000,1.8138
164,8,2.7000,0.6403,164,4.5000,1.7464,4410944,5.8000,1.6000
165,8,2.2000,0.9798,165,4.8000,1.3266,4492125,5.4000,2.1541
166,8,2.4000,0.4899,166,4.6000,1.3565,4574296,6.5000,2.2472
167,8,2.8000,1.0770,167,4.5000,1.2845,4657463,6.4000,2.2000
168,8,2.8000,0.7483,168,5.1000,1.8138,4741632,7.3000,1.4866
169,8,3.0000,1.5492,169,5.7000,1.7916,4826809,6.0000,2.6077
170,8,2.7000,0.9000,170,4.3000,0.7810,4913000,5.8000,1.6000
171,8,3.1000,1.0440,171,4.5000,1.7464,5000211,4.7000,1.3454
172,8,2.9000,0.9434,172,3.8000,1.6000,5088448,5.0000,1.6733
173,8,2.9000,1.3000,173,6.2000,1.5362,5177717,7.9000,2.6249
174,8,2.6000,1.3565,174,4.1000,1.3000,5268024,6.1000,1.8682
175,8,2.7000,1.1874,175,6.6000,1.8547,5359375,5.7000,1.2689
176,8,2.5000,1.1180,176,5.5000,1.9621,5451776,5.7000,1.4866
177,8,2.7000,0.9000,177,7.1000,2.3854,5545233,5.3000,2.6096
178,8,2.5000,1.0247,178,5.5000,1.5000,5639752,5.4000,1.8547
179,8,3.0000,1.1832,179,5.3000,2.4515,5735339,5.4000,1.9079
180,8,3.0000,0.6325,180,5.3000,1.6155,5832000,5.1000,1.7578
181,8,2.6000,1.1136,181,4.6000,1.9596,5929741,5.5000,2.4187
182,8,3.2000,1.0770,182,5.0000,1.3416,6028568,6.2000,2.2716
183,8,2.7000,0.6403,183,4.7000,2.2825,6128487,6.9000,1.2207
184,8,3.1000,0.9434,184,4.9000,2.3431,6229504,6.7000,2.2383
185,8,3.0000,1.6125,185,6.0000,1.5492,6331625,6.5000,2.6173
186,8,2.2000,0.6000,186,3.7000,1.4177,6434856,5.6000,1.2806
187,8,3.5000,1.5000,187,4.8000,1.3266,6539203,5.5000,1.7464
188,8,2.8000,0.8718,188,5.2000,1.9900,6644672,6.5000,2.7659
189,8,3.3000,1.1874,189,5.4000,2.5768,6751269,6.2000,1.5362
190,8,2.7000,0.4583,190,3.6000,1.2806,6859000,5.6000,1.6248
191,8,2.4000,0.6633,191,5.2000,1.7776,6967871,5.0000,1.3416
192,8,2.1000,1.0440,192,4.8000,1.4000,7077888,4.7000,2.0025
193,8,2.4000,1.2000,193,5.1000,1.4457,7189057,5.7000,1.9000
194,8,3.4000,0.8000,194,5.7000,1.9519,7301384,6.7000,1.2689
195,8,2.5000,1.0247,195,4.3000,1.9519,7414875,6.6000,2.2891
196,8,3.3000,1.0050,196,5.5000,2.1564,7529536,7.2000,1.3266
197,8,2.8000,1.1662,197,5.9000,1.9723,7645373,6.0000,2.4495
198,8,3.1000,1.5780,198,5.0000,1.4142,7762392,6.5000,2.5000
199,8,2.8000,0.8718,199,5.4000,0.9165,7880599,5.7000,1.2689
200,8,3.1000,1.0440,200,4.8000,1.9391,8000000,5.7000,2.0025
201,8,2.3000,1.1874,201,5.0000,1.7321,8120601,4.4000,1.4283
202,8,3.4000,1.1136,202,5.3000,1.7349,8242408,4.7000,2.0518
203,8,2.6000,0.8000,203,5.5000,1.9621,8365427,5.7000,1.4177
204,8,2.6000,1.0198,204,6.3000,2.4515,8489664,4.5000,1.4318
205,8,2.6000,0.9165,205,4.9000,1.8138,8615125,6.2000,1.6613
206,8,2.5000,1.1180,206,5.4000,1.5620,8741816,6.5000,1.3601
207,8,3.2000,0.8718,207,5.8000,1.3266,8869743,5.6000,1.4967
208,8,2.7000,1.2689,208,5.6000,1.3565,8998912,5.5000,1.2845
209,8,2.9000,0.8307,209,5.5000,1.2042,9129329,4.8000,1.4000
210,8,3.9000,0.5385,210,5.3000,2.1000,9261000,5.2000,2.1354
211,8,3.2000,0.9798,211,5.5000,2.1095,9393931,5.3000,1.8466
212,8,2.4000,1.2000,212,6.3000,2.1000,9528128,5.0000,1.7321
213,8,2.7000,0.7810,213,5.3000,1.9519,9663597,5.7000,2.4920
214,8,2.8000,0.7483,214,4.7000,1.4177,9800344,5.4000,1.8547
215,8,2.5000,1.0247,215,5.3000,2.1471,9938375,6.1000,2.7368
216,8,2.6000,0.8000,216,5.5000,1.3601,10077696,5.2000,1.8330
217,8,3.2000,1.4697,217,4.6000,1.8000,10218313,6.0000,2.1909
218,8,3.0000,1.0954,218,5.3000,1.2689,10360232,4.9000,1.7578
219,8,2.6000,1.3565,219,5.3000,1.3454,10503459,6.3000,2.7946
220,8,1.9000,0.7000,220,6.7000,1.9519,10648000,7.3000,2.7946
221,8,2.1000,0.7000,221,5.6000,1.3565,10793861,5.5000,0.9220
222,8,2.8000,1.3266,222,6.0000,1.1832,10941048,6.0000,1.6125
223,8,3.2000,1.0770,223,4.8000,2.1354,11089567,6.7000,2.5710
224,8,2.5000,1.2845,224,4.7000,1.3454,11239424,6.3000,2.1471
225,8,3.2000,0.8718,225,5.6000,1.4967,11390625,5.7000,1.5524
226,8,2.7000,1.0050,226,5.7000,1.4866,11543176,6.4000,2.0100
227,8,3.0000,1.4142,227,4.4000,1.2806,11697083,4.9000,0.9434
228,8,2.4000,0.9165,228,5.9000,1.5780,11852352,5.9000,2.0224
229,8,2.9000,0.8307,229,6.3000,2.3685,12008989,7.2000,1.8330
230,8,2.0000,0.7746,230,6.0000,2.3664,12167000,5.9000,2.8443
231,8,2.5000,1.0247,231,5.5000,1.6882,12326391,6.1000,1.5133
232,8,2.5000,0.8062,232,5.0000,1.5492,12487168,5.3000,2.1471
233,8,2.6000,0.9165,233,5.3000,2.3685,12649337,6.2000,1.4000
234,8,2.7000,1.4177,234,5.7000,1.6763,12812904,5.4000,1.9079
235,8,3.2000,0.7483,235,7.2000,2.9257,12977875,7.1000,2.8443
236,8,3.0000,1.6125,236,6.5000,1.3601,13144256,4.9000,1.7578
237,8,3.4000,1.2000,237,6.5000,2.7295,13312053,6.6000,2.2000
238,8,2.7000,0.6403,238,6.5000,1.9621,13481272,5.7000,1.2689
239,8,2.5000,1.0247,239,5.9000,2.1190,13651919,5.5000,1.5652
240,8,2.4000,1.1136,240,5.7000,1.6763,13824000,7.8000,2.3580
241,8,1.9000,1.1358,241,5.3000,1.9000,13997521,6.3000,1.6763
242,8,2.6000,1.1136,242,5.7000,1.4177,14172488,6.1000,1.9209
243,8,2.7000,0.9000,243,5.9000,1.7000,14348907,6.7000,1.6155
244,8,2.8000,1.1662,244,5.4000,2.5768,14526784,5.9000,1.5133
245,8,3.0000,1.1832,245,6.4000,1.9079,14706125,6.1000,2.7731
246,8,2.5000,0.8062,246,6.7000,1.3454,14886936,6.4000,2.2000
247,8,2.9000,1.0440,247,6.7000,1.9000,15069223,7.4000,2.4576
248,8,3.2000,1.0770,248,5.7000,2.0025,15252992,6.0000,1.5492
249,8,2.9000,1.0440,249,5.1000,2.3000,15438249,5.9000,2.0712
250,8,2.7000,1.4866,250,5.6000,2.3324,15625000,5.4000,2.0100
251,8,3.0000,1.0954,251,4.8000,2.3152,15813251,6.0000,2.1909
252,8,2.7000,0.7810,252,6.2000,2.1817,16003008,5.8000,1.4000
253,8,2.9000,1.5133,253,5.3000,1.7916,16194277,5.9000,1.9209
254,8,2.9000,1.3000,254,5.7000,2.3685,16387064,6.0000,1.8439
255,8,2.8000,1.0770,255,6.3000,1.8466,16581375,6.6000,3.2311
256,8,2.8000,0.8718,256,6.3000,2.2383,16777216,7.2000,2.1817
257,9,2.7000,0.7810,257,6.0000,2.0976,16974593,4.9000,2.3000
258,9,3.0000,0.7746,258,4.9000,1.1358,17173512,5.9000,1.7000
259,9,2.6000,0.6633,259,6.5000,1.9621,17373979,6.4000,2.2450
260,9,2.9000,1.0440,260,4.9000,1.7000,17576000,5.0000,1.1832
261,9,2.7000,1.4866,261,5.3000,1.6763,17779581,4.8000,1.3266
262,9,3.3000,1.3454,262,6.9000,2.3854,17984728,6.6000,1.5620
263,9,3.1000,1.1358,263,6.9000,2.0224,18191447,5.6000,2.4166
264,9,2.6000,1.1136,264,6.1000,1.9209,18399744,7.1000,1.5133
265,9,3.0000,0.7746,265,6.1000,1.4457,18609625,6.1000,2.5865
266,9,2.1000,0.9434,266,6.5000,2.5788,18821096,5.4000,1.8547
267,9,2.4000,0.9165,267,5.6000,2.0100,19034163,4.9000,1.8138
268,9,2.6000,0.8000,268,5.5000,1.5000,19248832,6.5000,2.7295
269,9,3.0000,0.8944,269,6.5000,1.0247,19465109,5.4000,1.4283
270,9,2.7000,1.0050,270,5.8000,1.5362,19683000,6.8000,3.1875
271,9,3.4000,1.0198,271,5.4000,1.6248,19902511,6.8000,2.9257
272,9,2.7000,1.1874,272,5.1000,1.4457,20123648,4.7000,1.4866
273,9,2.8000,1.4000,273,6.6000,1.4283,20346417,5.6000,2.4980
274,9,3.4000,1.0198,274,5.2000,1.6613,20570824,6.0000,1.8974
275,9,3.0000,0.6325,275,5.8000,2.0881,20796875,5.9000,2.1656
276,9,3.4000,1.3565,276,5.6000,1.1136,21024576,7.1000,2.5475
277,9,2.9000,0.8307,277,6.3000,2.6476,21253933,7.1000,1.3748
278,9,3.0000,0.8944,278,4.7000,1.6155,21484952,6.8000,1.2490
279,9,3.2000,0.7483,279,6.5000,1.8028,21717639,6.1000,2.1190
280,9,2.5000,1.0247,280,6.4000,2.9394,21952000,5.4000,1.8000
281,9,3.4000,0.8000,281,6.9000,2.4269,22188041,7.1000,1.5133
282,9,3.0000,1.4142,282,5.9000,2.5865,22425768,7.5000,2.3770
283,9,2.7000,1.1874,283,6.3000,2.1471,22665187,6.8000,1.7776
284,9,2.7000,0.6403,284,7.0000,1.8439,22906304,5.6000,2.2891
285,9,2.6000,0.9165,285,6.0000,1.6733,23149125,6.3000,2.8653
286,9,3.6000,1.2000,286,6.0000,1.8974,23393656,7.6000,1.3565
287,9,2.4000,0.8000,287,5.5000,2.9411,23639903,6.3000,2.2825
288,9,3.7000,0.9000,288,6.4000,2.5768,23887872,6.7000,3.4366
289,9,3.4000,1.4283,289,7.1000,2.2113,24137569,5.0000,2.0976
290,9,2.9000,0.8307,290,6.4000,1.8547,24389000,6.8000,2.0396
291,9,2.9000,0.8307,291,5.4000,1.4967,24642171,7.3000,2.1932
292,9,3.6000,1.3565,292,5.4000,1.6248,24897088,6.3000,1.4866
293,9,2.7000,0.9000,293,6.2000,2.2271,25153757,5.9000,1.8682
294,9,3.0000,0.6325,294,4.6000,2.0591,25412184,6.2000,2.2716
295,9,2.8000,0.7483,295,7.4000,2.2000,25672375,6.2000,1.9391
296,9,3.1000,0.8307,296,5.0000,1.4142,25934336,6.3000,1.7349
297,9,3.3000,1.4866,297,5.8000,1.3266,26198073,6.2000,1.7776
298,9,2.5000,1.1180,298,5.8000,1.9900,26463592,6.0000,2.3238
299,9,3.0000,1.4142,299,6.3000,1.1000,26730899,6.2000,1.6000
300,9,2.7000,1.1874,300,4.9000,0.8307,27000000,4.7000,1.5524
301,9,3.0000,0.8944,301,6.2000,1.3266,27270901,6.7000,2.2825
302,9,3.1000,1.3000,302,5.9000,1.9723,27543608,7.9000,2.6249
303,9,2.7000,1.0050,303,6.7000,2.1932,27818127,6.0000,2.0000
304,9,3.1000,0.9434,304,5.8000,2.5219,28094464,6.2000,1.4000
305,9,3.3000,1.0050,305,5.9000,1.8138,28372625,6.5000,1.3601
306,9,3.0000,1.3416,306,5.8000,1.6613,28652616,6.8000,2.9257
307,9,3.1000,0.9434,307,6.0000,1.7889,28934443,6.4000,1.8000
308,9,3.0000,1.1832,308,4.4000,1.8000,29218112,5.8000,2.8914
309,9,2.6000,0.8000,309,6.0000,1.6125,29503629,5.1000,1.4457
310,9,3.1000,1.2207,310,4.6000,1.4967,29791000,6.2000,3.6000
311,9,3.3000,1.0050,311,6.1000,1.5133,30080231,7.7000,2.9000
312,9,3.4000,0.6633,312,6.5000,1.6882,30371328,6.6000,1.1136
313,9,2.3000,1.0050,313,5.6000,1.9079,30664297,5.7000,2.2383
314,9,2.8000,1.3266,314,6.3000,1.7916,30959144,6.3000,1.4866
315,9,3.5000,1.0247,315,5.5000,1.5652,31255875,6.0000,1.6733
316,9,3.2000,1.7205,316,6.6000,2.2891,31554496,6.0000,1.9494
317,9,2.8000,1.1662,317,7.0000,3.0000,31855013,4.8000,1.4697
318,9,3.1000,0.7000,318,6.0000,2.6458,32157432,6.5000,2.7295
319,9,2.8000,0.7483,319,5.5000,2.1564,32461759,5.8000,1.8868
320,9,3.5000,0.6708,320,5.8000,1.0770,32768000,5.6000,1.2000
321,9,2.9000,1.0440,321,5.8000,1.5362,33076161,6.6000,2.3324
322,9,2.8000,0.6000,322,6.5000,2.4187,33386248,6.7000,1.4177
323,9,3.4000,1.2806,323,5.5000,1.2845,33698267,6.6000,2.7641
324,9,2.6000,1.0198,324,5.8000,1.2490,34012224,6.6000,1.2806
325,9,3.0000,1.2649,325,7.0000,1.4142,34328125,5.6000,2.0100
326,9,2.6000,1.1136,326,6.3000,2.6096,34645976,6.8000,2.3580
327,9,3.0000,0.8944,327,6.4000,2.0100,34965783,6.8000,2.2271
328,9,3.0000,0.8944,328,5.8000,2.0396,35287552,5.7000,1.9000
329,9,3.3000,1.0050,329,5.2000,1.4000,35611289,5.8000,1.6000
330,9,3.1000,1.1358,330,6.4000,1.2000,35937000,8.0000,2.2804
331,9,2.7000,1.2689,331,5.6000,1.2806,36264691,6.4000,1.9596
332,9,3.1000,1.4457,332,5.6000,1.6852,36594368,6.3000,2.3259
333,9,3.1000,0.8307,333,4.9000,1.7578,36926037,6.3000,1.1874
334,9,2.9000,1.2207,334,5.3000,1.6155,37259704,5.7000,1.4866
335,9,2.5000,0.6708,335,5.6000,1.6248,37595375,6.2000,2.2271
336,9,2.8000,1.1662,336,5.6000,1.8547,37933056,6.6000,2.2000
337,9,3.1000,0.9434,337,5.3000,1.4866,38272753,6.4000,2.2891
338,9,2.7000,0.9000,338,5.4000,1.8547,38614472,7.5000,2.5000
339,9,2.6000,1.1136,339,4.7000,1.8466,38958219,5.9000,1.4457
340,9,3.0000,1.0000,340,6.6000,1.4967,39304000,6.6000,2.4166
341,9,3.4000,1.0198,341,6.7000,2.0025,39651821,7.0000,2.3238
342,9,3.0000,1.0000,342,5.8000,2.1354,40001688,6.3000,2.3685
343,9,3.1000,1.2207,343,5.5000,1.8028,40353607,6.4000,1.3565
344,9,2.5000,0.6708,344,6.2000,1.7205,40707584,6.6000,2.1071
345,9,3.2000,1.3266,345,5.7000,1.4866,41063625,5.8000,1.0770
346,9,3.3000,1.0050,346,5.5000,1.6279,41421736,5.9000,1.5133
347,9,2.7000,1.1874,347,6.4000,2.2891,41781923,5.8000,2.0881
348,9,2.9000,1.0440,348,5.7000,1.4866,42144192,6.3000,2.4515
349,9,3.1000,0.7000,349,5.9000,2.1190,42508549,6.3000,1.8466
350,9,2.9000,1.2207,350,4.9000,1.8682,42875000,5.4000,1.2806
351,9,2.9000,1.3000,351,7.3000,2.4104,43243551,6.2000,2.7495
352,9,2.8000,1.1662,352,5.9000,2.3000,43614208,7.7000,2.3259
353,9,2.8000,0.8718,353,6.3000,2.5710,43986977,7.4000,1.1136
354,9,3.5000,1.3601,354,6.2000,1.4697,44361864,6.3000,1.2689
355,9,2.8000,0.8718,355,6.4000,2.5768,44738875,5.8000,1.1662
356,9,2.8000,1.0770,356,5.5000,2.2472,45118016,6.5000,1.6882
357,9,2.7000,1.1000,357,5.9000,2.0712,45499293,5.8000,2.4819
358,9,3.8000,2.0881,358,5.7000,1.9519,45882712,6.4000,1.4283
359,9,3.4000,1.0198,359,6.3000,2.5710,46268279,7.3000,1.4866
360,9,2.9000,1.2207,360,5.5000,1.7464,46656000,7.3000,1.9519
361,9,3.6000,1.1136,361,6.9000,2.3000,47045881,6.2000,2.2716
362,9,2.7000,1.3454,362,5.8000,1.6613,47437928,6.4000,2.2000
363,9,3.1000,1.0440,363,5.8000,2.4819,47832147,7.1000,2.5865
364,9,2.3000,1.1000,364,6.2000,1.7205,48228544,6.1000,1.9209
365,9,2.8000,1.0770,365,7.0000,2.4495,48627125,6.1000,2.6249
366,9,3.1000,1.2207,366,5.1000,2.9138,49027896,6.4000,1.4967
367,9,3.2000,1.0770,367,5.5000,1.5000,49430863,6.3000,2.0518
368,9,2.7000,1.1874,368,5.3000,1.3454,49836032,7.0000,1.6125
369,9,2.7000,1.3454,369,5.5000,1.5652,50243409,6.1000,1.7578
370,9,2.7000,0.7810,370,4.8000,1.7776,50653000,5.1000,0.9434
371,9,2.9000,1.2207,371,5.6000,2.1541,51064811,7.3000,2.1932
372,9,3.1000,1.0440,372,5.6000,2.3749,51478848,6.9000,2.0712
373,9,3.1000,1.3000,373,6.0000,1.7321,51895117,6.3000,1.9519
374,9,2.4000,0.8000,374,6.6000,1.2806,52313624,6.6000,1.7436
375,9,3.2000,1.1662,375,7.0000,2.1448,52734375,6.4000,1.8547
376,9,3.1000,1.1358,376,6.4000,2.8000,53157376,6.8000,1.8868
377,9,3.3000,1.6155,377,5.5000,2.3345,53582633,7.0000,1.5492
378,9,2.1000,1.1358,378,6.4000,2.6153,54010152,6.8000,2.4000
379,9,3.0000,1.0000,379,6.7000,2.3685,54439939,6.6000,3.0067
380,9,2.7000,1.4177,380,6.3000,1.9519,54872000,5.2000,1.2490
381,9,2.5000,0.9220,381,7.3000,3.1639,55306341,7.2000,1.9391
382,9,2.8000,1.0770,382,5.5000,2.1095,55742968,6.1000,1.6401
383,9,3.0000,1.2649,383,6.2000,1.7776,56181887,6.6000,2.4980
384,9,3.0000,1.4142,384,4.6000,1.6852,56623104,6.9000,1.8138
385,9,2.7000,0.9000,385,5.3000,2.6096,57066625,7.4000,2.0591
386,9,2.7000,0.9000,386,6.2000,2.2716,57512456,6.2000,2.1817
387,9,2.8000,0.9798,387,6.3000,2.2825,57960603,6.5000,1.3601
388,9,2.8000,0.8718,388,6.1000,2.4678,58411072,5.9000,1.7000
389,9,2.6000,1.0198,389,5.5000,1.8574,58863869,6.4000,2.3749
390,9,2.7000,1.1874,390,5.4000,1.8547,59319000,5.8000,1.4697
391,9,2.7000,1.4177,391,6.7000,1.6763,59776471,5.3000,1.1874
392,9,3.4000,1.2806,392,6.1000,2.7368,60236288,6.4000,2.3749
393,9,2.7000,0.7810,393,7.3000,2.9343,60698457,6.4000,1.9596
394,9,3.0000,1.0954,394,6.7000,0.9000,61162984,6.3000,2.3685
395,9,2.4000,0.9165,395,6.3000,2.3685,61629875,6.5000,2.3345
396,9,3.5000,1.5652,396,6.1000,1.3748,62099136,5.9000,1.2207
397,9,2.9000,1.1358,397,4.7000,1.1874,62570773,6.0000,1.2649
398,9,2.5000,1.0247,398,6.5000,1.8574,63044792,7.3000,2.1471
399,9,3.0000,0.7746,399,5.5000,1.4318,63521199,6.7000,2.2383
400,9,3.4000,1.3565,400,5.9000,2.0224,64000000,7.2000,2.0881
401,9,2.4000,1.0198,401,5.8000,1.1662,64481201,6.3000,1.7349
402,9,3.2000,1.0770,402,6.5000,1.5652,64964808,5.6000,2.0591
403,9,3.2000,1.1662,403,6.6000,2.2891,65450827,4.9000,2.3854
404,9,3.6000,0.9165,404,6.1000,2.1656,65939264,6.1000,2.5865
405,9,3.2000,0.9798,405,6.2000,2.4819,66430125,7.5000,2.0616
406,9,2.8000,0.6000,406,5.6000,1.9596,66923416,8.1000,1.8682
407,9,2.8000,0.6000,407,7.3000,1.8466,67419143,7.0000,1.9494
408,9,2.9000,1.1358,408,6.5000,2.1564,67917312,6.9000,1.3000
409,9,3.1000,1.6401,409,5.8000,2.5612,68417929,6.8000,2.7129
410,9,2.8000,1.0770,410,6.2000,1.5362,68921000,7.8000,2.1817
411,9,2.6000,1.1136,411,6.4000,2.2000,69426531,5.8000,1.9391
412,9,3.4000,1.4283,412,5.4000,1.7436,69934528,6.9000,2.9138
413,9,2.9000,1.3748,413,6.5000,2.3770,70444997,5.6000,1.5620
414,9,3.4000,1.2806,414,6.3000,1.1000,70957944,7.1000,1.5133
415,9,2.7000,1.1000,415,5.4000,1.6248,71473375,7.2000,2.1354
416,9,2.9000,1.0440,416,6.3000,1.9519,71991296,5.7000,1.6763
417,9,3.0000,1.2649,417,5.4000,1.3565,72511713,6.6000,2.4980
418,9,3.7000,1.2689,418,6.1000,1.7000,73034632,6.6000,1.7436
419,9,2.9000,1.3000,419,6.3000,2.4920,73560059,7.1000,2.5475
420,9,3.1000,1.3748,420,6.8000,2.5219,74088000,7.5000,2.0125
421,9,2.6000,0.8000,421,6.1000,2.7368,74618461,6.6000,1.9079
422,9,2.4000,1.1136,422,6.5000,2.2472,75151448,6.9000,2.9479
423,9,2.9000,1.3748,423,5.0000,2.0494,75686967,6.5000,2.4187
424,9,2.8000,0.8718,424,5.9000,2.1656,76225024,7.2000,1.5362
425,9,3.5000,1.4318,425,7.1000,2.5475,76765625,6.9000,2.0712
426,9,2.9000,1.1358,426,6.0000,1.7321,77308776,6.4000,2.4166
427,9,2.1000,1.0440,427,7.0000,2.6458,77854483,7.3000,2.4920
428,9,2.2000,0.7483,428,5.1000,2.0224,78402752,7.5000,2.5788
429,9,2.8000,0.8718,429,6.8000,2.1817,78953589,6.3000,2.3259
430,9,3.2000,0.9798,430,6.2000,1.2490,79507000,6.4000,1.3565
431,9,2.3000,0.7810,431,5.4000,2.1071,80062991,5.7000,1.9000
432,9,2.3000,0.7810,432,7.4000,1.8000,80621568,6.4000,2.3749
433,9,3.2000,0.8718,433,4.8000,1.2490,81182737,5.7000,1.9519
434,9,3.1000,1.2207,434,6.3000,2.3685,81746504,7.8000,2.2716
435,9,3.3000,1.1000,435,6.0000,2.3664,82312875,7.2000,2.0396
436,9,3.1000,1.1358,436,6.0000,1.4832,82881856,6.8000,2.4819
437,9,4.0000,1.3416,437,6.4000,1.9596,83453453,6.1000,1.9723
438,9,3.1000,0.7000,438,6.5000,2.5788,84027672,5.1000,1.0440
439,9,2.8000,0.8718,439,6.7000,1.8466,84604519,6.8000,1.5362
440,9,3.1000,1.0440,440,6.5000,2.4187,85184000,7.1000,2.3431
441,9,2.4000,1.2806,441,6.1000,2.0712,85766121,7.6000,1.9596
442,9,2.9000,0.7000,442,5.7000,2.3259,86350888,7.0000,2.3664
443,9,2.5000,0.9220,443,5.5000,2.3345,86938307,6.0000,1.5492
444,9,2.5000,1.2845,444,6.5000,2.1095,87528384,6.9000,1.8138
445,9,3.3000,1.0050,445,4.4000,1.2000,88121125,7.1000,2.2113
446,9,2.7000,0.4583,446,6.1000,2.3000,88716536,6.0000,2.9326
447,9,2.5000,1.1180,447,5.1000,1.5133,89314623,7.3000,2.1932
448,9,3.5000,1.0247,448,6.7000,1.4866,89915392,8.0000,2.8636
449,9,3.6000,1.0198,449,7.0000,1.2649,90518849,7.9000,1.9209
450,9,3.4000,1.6852,450,5.7000,1.9000,91125000,5.8000,2.4819
451,9,2.7000,1.1874,451,5.5000,1.5652,91733851,7.3000,2.3259
452,9,2.5000,0.6708,452,6.0000,2.0494,92345408,6.9000,2.1190
453,9,3.1000,1.4457,453,5.8000,2.8914,92959677,6.0000,1.9494
454,9,3.5000,1.4318,454,6.7000,1.4866,93576664,6.6000,1.6248
455,9,2.8000,1.0770,455,6.4000,1.5620,94196375,6.8000,1.9900
456,9,2.1000,1.3748,456,6.8000,1.9900,94818816,7.1000,1.7578
457,9,2.8000,0.8718,457,5.2000,1.1662,95443993,6.9000,2.0224
458,9,3.2000,0.9798,458,5.9000,1.9723,96071912,6.7000,1.8466
459,9,2.6000,1.1136,459,6.6000,2.2000,96702579,6.1000,2.7000
460,9,3.0000,1.4142,460,5.8000,2.1817,97336000,5.6000,2.5768
461,9,3.0000,0.7746,461,5.4000,1.4283,97972181,5.9000,2.2561
462,9,2.6000,1.0198,462,7.3000,1.6763,98611128,5.4000,2.0100
463,9,3.1000,0.9434,463,6.3000,1.4866,99252847,6.5000,2.1095
464,9,3.4000,1.2806,464,5.5000,1.4318,99897344,6.9000,1.9209
465,9,3.1000,1.1358,465,6.8000,2.6382,100544625,7.7000,1.7916
466,9,2.8000,0.8718,466,7.0000,2.7928,101194696,7.3000,2.6851
467,9,3.7000,1.2689,467,6.3000,1.6155,101847563,5.9000,1.1358
468,9,2.6000,1.1136,468,5.9000,1.7578,102503232,7.0000,1.8974
469,9,3.0000,1.2649,469,6.2000,0.9798,103161709,6.5000,1.6279
470,9,3.0000,0.8944,470,7.2000,1.8330,103823000,6.7000,2.0518
471,9,3.1000,0.8307,471,6.4000,3.0725,104487111,7.2000,2.0881
472,9,2.9000,0.9434,472,6.4000,1.8547,105154048,8.0000,2.4495
473,9,3.1000,1.2207,473,6.2000,2.3152,105823817,8.0000,3.0000
474,9,3.8000,1.1662,474,7.2000,3.1241,106496424,6.4000,1.2806
475,9,3.0000,1.3416,475,6.4000,2.2891,107171875,6.1000,1.6401
476,9,2.9000,1.1358,476,5.5000,2.2023,107850176,7.2000,2.4000
477,9,3.4000,1.0198,477,6.7000,2.6851,108531333,7.6000,2.4980
478,9,3.4000,1.2806,478,6.3000,1.8466,109215352,6.4000,2.0591
479,9,3.2000,1.2490,479,7.0000,1.7321,109902239,6.6000,2.9732
480,9,3.3000,1.0050,480,5.5000,1.7464,110592000,7.4000,2.6907
481,9,2.5000,1.5000,481,6.0000,2.4083,111284641,5.1000,1.5133
482,9,3.0000,0.6325,482,6.1000,1.5780,111980168,6.4000,2.7276
483,9,3.0000,1.0000,483,6.2000,1.6613,112678587,6.3000,1.9000
484,9,3.1000,1.3000,484,6.6000,2.9394,113379904,6.2000,2.5612
485,9,2.9000,1.3000,485,6.4000,2.7641,114084125,7.6000,1.8000
486,9,2.7000,1.0050,486,5.7000,2.1471,114791256,7.4000,2.8705
487,9,2.9000,0.5385,487,6.2000,2.1354,115501303,7.0000,3.1305
488,9,3.2000,0.9798,488,6.8000,2.7857,116214272,7.4000,2.6907
489,9,2.7000,1.2689,489,5.8000,1.6613,116930169,6.5000,2.5000
490,9,3.2000,0.7483,490,6.5000,1.5652,117649000,7.3000,2.4104
491,9,2.3000,1.1874,491,6.1000,1.8682,118370771,6.2000,2.1817
492,9,1.8000,0.7483,492,6.6000,1.7436,119095488,6.3000,1.1874
493,9,3.0000,1.0954,493,6.4000,1.8547,119823157,7.0000,1.7321
494,9,2.7000,1.0050,494,7.1000,2.1656,120553784,7.9000,2.2561
495,9,2.7000,0.9000,495,6.1000,2.1190,121287375,7.0000,1.7321
496,9,2.8000,1.0770,496,6.9000,2.5865,122023936,5.9000,2.2561
497,9,2.7000,1.1874,497,6.0000,2.7203,122763473,6.9000,1.1358
498,9,3.4000,0.8000,498,6.8000,2.4413,123505992,6.2000,2.5612
499,9,2.5000,0.6708,499,5.9000,1.8682,124251499,6.7000,2.0025
500,9,3.3000,1.2689,500,6.8000,1.8868,125000000,6.3000,3.2879
501,9,2.6000,0.9165,501,6.3000,2.3685,125751501,6.1000,1.3000
502,9,2.0000,0.6325,502,7.6000,1.4283,126506008,6.6000,1.9079
503,9,3.8000,1.6000,503,5.0000,1.1832,127263527,6.0000,2.0000
504,9,2.6000,0.8000,504,7.6000,1.8547,128024064,6.5000,2.1095
505,9,3.0000,1.0000,505,6.4000,2.2450,128787625,6.0000,1.2649
506,9,3.3000,1.1000,506,7.0000,1.9494,129554216,7.2000,1.1662
507,9,2.9000,1.5780,507,5.7000,2.1471,130323843,5.9000,2.4269
508,9,2.3000,1.3454,508,7.5000,2.3770,131096512,6.3000,1.9519
509,9,2.8000,0.8718,509,7.2000,2.1817,131872229,6.7000,2.4104
510,9,2.8000,1.3266,510,6.1000,2.3431,132651000,6.3000,1.8466
511,9,2.0000,1.0000,511,6.4000,2.4980,133432831,7.3000,2.3259
512,9,2.9000,1.3000,512,6.4000,2.5377,134217728,6.4000,0.9165
513,10,4.2000,0.8718,513,6.1000,2.4269,135005697,8.0000,3.9497
514,10,2.2000,1.1662,514,6.2000,1.7205,135796744,6.6000,1.4967
515,10,3.5000,1.5652,515,6.5000,2.3770,136590875,6.5000,2.2913
516,10,3.2000,1.9900,516,7.7000,1.4177,137388096,7.5000,2.2472
517,10,3.6000,1.5620,517,7.6000,1.8547,138188413,6.3000,1.7916
518,10,3.2000,0.9798,518,5.0000,1.6125,138991832,6.7000,1.5524
519,10,3.2000,0.8718,519,5.9000,1.6401,139798359,7.9000,1.3000
520,10,2.8000,0.8718,520,6.0000,1.8439,140608000,6.3000,2.6096
521,10,3.0000,1.6125,521,6.2000,2.2716,141420761,5.9000,1.3000
522,10,3.3000,1.1874,522,6.6000,3.0067,142236648,5.8000,0.9798
523,10,3.3000,0.9000,523,6.2000,2.3580,143055667,6.4000,2.2450
524,10,2.0000,1.0000,524,6.2000,1.0770,143877824,6.4000,1.6852
525,10,2.7000,1.0050,525,6.0000,2.0494,144703125,6.9000,1.7000
526,10,2.7000,0.6403,526,6.4000,2.0591,145531576,6.4000,2.5377
527,10,3.2000,0.8718,527,6.8000,2.4000,146363183,6.4000,2.1541
528,10,3.3000,1.0050,528,6.4000,2.1071,147197952,7.3000,1.4866
529,10,3.4000,1.2806,529,7.3000,1.5524,148035889,6.1000,1.7578
530,10,3.5000,1.3601,530,7.8000,2.5219,148877000,6.6000,2.5377
531,10,2.6000,1.2000,531,6.5000,1.5000,149721291,6.7000,2.0025
532,10,2.9000,1.4457,532,7.9000,3.1129,150568768,7.8000,2.4413
533,10,3.4000,0.9165,533,6.8000,1.8330,151419437,6.8000,2.6758
534,10,3.0000,1.3416,534,6.5000,1.6279,152273304,7.0000,1.7889
535,10,2.8000,0.8718,535,6.2000,1.9391,153130375,7.4000,2.4166
536,10,2.4000,0.6633,536,7.0000,2.2361,153990656,6.3000,2.7221
537,10,2.8000,1.1662,537,6.6000,1.7436,154854153,7.2000,2.6758
538,10,3.5000,1.2042,538,7.6000,1.9079,155720872,7.2000,3.1559
539,10,3.1000,1.4457,539,5.5000,1.6279,156590819,6.1000,1.8138
540,10,3.6000,1.3565,540,5.6000,1.4283,157464000,6.7000,2.0025
541,10,2.6000,1.1136,541,6.1000,2.3000,158340421,5.9000,1.8682
542,10,3.0000,0.8944,542,7.5000,1.7464,159220088,6.4000,2.3749
543,10,2.7000,1.2689,543,5.2000,1.7205,160103007,7.9000,1.9723
544,10,2.8000,0.6000,544,6.2000,1.3266,160989184,5.4000,2.6153
545,10,2.6000,0.6633,545,6.7000,2.2383,161878625,6.8000,2.2716
546,10,3.6000,1.4967,546,7.0000,2.4083,162771336,8.4000,2.3749
547,10,2.8000,0.9798,547,6.9000,1.7578,163667323,7.4000,2.4980
548,10,2.5000,0.8062,548,6.3000,1.4866,164566592,5.9000,2.2561
549,10,3.3000,1.4177,549,5.7000,2.8302,165469149,6.0000,1.6125
550,10,3.2000,1.1662,550,5.7000,1.9519,166375000,6.7000,2.7946
551,10,3.0000,1.0954,551,6.6000,2.5768,167284151,6.9000,1.8138
552,10,3.1000,0.9434,552,5.7000,2.4920,168196608,7.4000,1.8000
553,10,3.4000,1.2806,553,6.0000,1.5492,169112377,6.9000,1.8138
554,10,3.3000,0.9000,554,5.8000,1.4697,170031464,6.2000,1.4000
555,10,3.1000,0.7000,555,6.7000,1.8466,170953875,8.1000,2.1190
556,10,2.9000,1.0440,556,5.8000,1.7776,171879616,5.5000,1.5000
557,10,3.2000,1.1662,557,5.8000,2.1817,172808693,7.7000,1.9000
558,10,3.0000,0.8944,558,6.7000,1.2689,173741112,6.4000,1.9596
559,10,2.7000,0.9000,559,6.7000,2.6476,174676879,7.2000,1.7776
560,10,2.9000,0.7000,560,5.4000,2.0100,175616000,7.2000,1.2490
561,10,2.1000,0.5385,561,6.3000,1.7916,176558481,6.6000,2.6907
562,10,3.0000,1.0954,562,7.0000,1.1832,177504328,7.0000,1.0000
563,10,3.6000,1.3565,563,6.4000,2.3749,178453547,6.2000,1.2490
564,10,4.0000,1.2649,564,5.1000,0.9434,179406144,7.5000,2.2913
565,10,3.4000,1.2806,565,7.9000,1.9209,180362125,7.4000,1.4967
566,10,2.9000,1.1358,566,7.4000,2.5377,181321496,5.6000,1.5620
567,10,2.8000,0.6000,567,6.9000,1.8138,182284263,7.2000,3.0265
568,10,3.1000,0.5385,568,6.3000,1.7916,183250432,8.2000,2.7129
569,10,2.5000,0.5000,569,6.1000,1.8682,184220009,7.1000,1.9723
570,10,3.1000,1.4457,570,5.8000,2.3152,185193000,7.1000,1.8138
571,10,2.6000,1.1136,571,7.6000,2.2000,186169411,5.8000,1.4000
572,10,2.9000,0.9434,572,7.8000,2.6000,187149248,6.9000,2.8443
573,10,3.2000,1.0770,573,8.0000,2.0976,188132517,7.1000,2.5475
574,10,3.0000,0.6325,574,6.7000,2.1471,189119224,7.4000,1.5620
575,10,2.9000,0.8307,575,6.1000,1.1358,190109375,7.4000,2.0100
576,10,3.1000,1.5780,576,5.9000,2.2113,191102976,6.7000,1.5524
577,10,2.7000,1.1000,577,6.7000,2.9000,192100033,7.0000,2.0000
578,10,2.9000,0.9434,578,6.7000,3.0676,193100552,7.1000,1.9209
579,10,2.8000,0.8718,579,7.4000,1.9079,194104539,7.0000,0.8944
580,10,3.2000,1.3266,580,7.7000,2.1000,195112000,7.9000,1.7578
581,10,3.1000,1.2207,581,6.1000,1.9723,196122941,7.3000,1.9519
582,10,3.1000,1.0440,582,6.6000,2.3324,197137368,7.2000,2.4819
583,10,2.9000,0.9434,583,6.8000,2.1817,198155287,7.3000,1.9000
584,10,3.6000,1.2000,584,6.1000,1.3000,199176704,7.5000,3.2326
585,10,3.2000,1.2490,585,6.2000,2.1354,200201625,8.3000,2.2383
586,10,2.9000,1.0440,586,6.6000,2.6533,201230056,6.5000,1.8028
587,10,3.6000,0.8000,587,5.9000,1.5780,202262003,6.0000,2.7203
588,10,3.0000,1.3416,588,7.3000,3.1953,203297472,8.1000,1.5133
589,10,3.2000,1.4000,589,5.2000,1.8330,204336469,5.4000,1.7436
590,10,3.1000,1.3000,590,7.2000,2.5612,205379000,7.2000,1.5362
591,10,3.3000,1.6763,591,7.4000,2.4166,206425071,7.0000,1.7321
592,10,3.7000,1.6155,592,7.2000,1.6000,207474688,6.7000,1.1874
593,10,3.1000,1.6401,593,7.0000,2.0000,208527857,7.4000,2.2891
594,10,3.2000,1.3266,594,6.7000,1.6155,209584584,7.4000,2.0100
595,10,3.4000,1.3565,595,5.0000,1.3416,210644875,7.4000,2.6533
596,10,3.1000,1.1358,596,6.0000,2.0000,211708736,7.7000,1.8466
597,10,3.4000,1.4283,597,5.9000,1.8138,212776173,7.3000,2.3259
598,10,2.6000,1.2806,598,6.2000,2.8213,213847192,6.4000,2.4980
599,10,3.0000,1.1832,599,5.7000,1.6155,214921799,6.0000,1.6733
600,10,2.6000,0.6633,600,6.7000,2.1932,216000000,7.2000,2.0396
601,10,2.8000,1.1662,601,5.8000,1.3266,217081801,6.2000,1.9900
602,10,3.3000,1.3454,602,5.4000,1.6248,218167208,7.3000,2.6851
603,10,3.5000,1.0247,603,5.9000,2.6627,219256227,7.9000,2.0712
604,10,3.1000,1.3000,604,6.5000,2.2472,220348864,6.2000,2.5612
605,10,3.0000,1.0000,605,6.9000,2.7731,221445125,7.9000,2.9138
606,10,3.6000,1.4283,606,5.5000,1.8574,222545016,7.1000,2.0224
607,10,3.1000,0.5385,607,6.5000,2.2472,223648543,7.6000,2.6533
608,10,3.8000,1.4000,608,7.0000,2.3664,224755712,5.6000,1.9596
609,10,2.7000,1.1000,609,7.4000,2.4166,225866529,6.9000,1.6401
610,10,3.3000,1.0050,610,5.8000,2.4000,226981000,5.8000,2.3580
611,10,2.9000,1.3000,611,5.6000,2.1071,228099131,6.6000,1.9079
612,10,2.3000,0.4583,612,6.5000,1.8028,229220928,6.7000,2.2825
613,10,2.3000,1.1000,613,7.1000,2.1656,230346397,7.2000,2.6000
614,10,3.8000,2.0396,614,7.6000,1.8000,231475544,7.1000,2.5865
615,10,2.2000,1.1662,615,6.1000,1.3748,232608375,8.1000,2.2113
616,10,3.1000,0.9434,616,7.7000,2.6096,233744896,6.7000,1.9519
617,10,3.4000,1.1136,617,5.9000,1.5780,234885113,7.3000,2.2383
618,10,3.5000,1.2042,618,5.8000,1.6613,236029032,6.9000,1.7578
619,10,3.8000,1.4697,619,6.8000,2.5219,237176659,6.3000,2.0518
620,10,2.5000,1.0247,620,7.8000,2.8914,238328000,6.5000,2.8373
621,10,3.1000,1.3000,621,7.0000,2.1448,239483061,6.9000,3.3302
622,10,3.0000,1.0000,622,7.0000,2.1909,240641848,7.8000,2.4000
623,10,2.9000,0.8307,623,8.4000,1.9079,241804367,6.7000,1.9519
624,10,2.5000,1.0247,624,7.6000,2.1071,242970624,7.7000,2.8302
625,10,2.8000,0.6000,625,6.0000,2.4083,244140625,5.9000,1.6401
626,10,3.5000,1.2845,626,5.4000,1.2806,245314376,7.8000,2.1817
627,10,2.6000,0.6633,627,6.7000,2.5710,246491883,7.6000,2.8355
628,10,2.8000,1.1662,628,6.7000,1.8466,247673152,6.8000,2.9597
629,10,3.0000,0.6325,629,6.5000,2.2023,248858189,6.8000,1.6613
630,10,2.9000,1.0440,630,6.4000,2.0591,250047000,7.8000,2.1817
631,10,3.0000,1.0954,631,6.5000,1.7464,251239591,6.4000,1.9079
632,10,3.0000,0.7746,632,6.9000,2.1190,252435968,6.9000,1.6401
633,10,3.5000,0.9220,633,6.1000,2.7731,253636137,6.8000,2.8914
634,10,2.7000,1.2689,634,7.4000,1.6248,254840104,6.9000,2.3000
635,10,3.3000,1.3454,635,6.6000,1.8000,256047875,6.6000,2.5768
636,10,3.0000,1.1832,636,6.8000,2.3580,257259456,6.3000,1.4866
637,10,2.8000,1.1662,637,6.9000,1.8682,258474853,6.6000,2.6907
638,10,3.0000,0.7746,638,7.4000,3.1048,259694072,6.7000,2.7586
639,10,2.4000,0.9165,639,6.3000,1.9519,260917119,8.2000,2.7495
640,10,2.8000,1.6000,640,6.6000,1.8547,262144000,8.0000,1.5492
641,10,2.9000,1.3748,641,8.2000,2.4819,263374721,5.6000,2.2450
642,10,3.7000,1.1874,642,6.2000,1.9900,264609288,7.0000,2.2361
643,10,3.2000,0.9798,643,6.9000,2.4678,265847707,8.9000,2.7368
644,10,2.6000,1.2000,644,6.1000,1.5780,267089984,7.3000,2.2383
645,10,2.9000,0.9434,645,6.5000,1.6882,268336125,6.0000,2.0000
646,10,3.4000,1.1136,646,6.7000,1.9000,269586136,7.7000,2.1471
647,10,3.2000,0.6000,647,7.1000,1.9209,270840023,6.8000,2.6000
648,10,2.6000,0.9165,648,7.4000,2.4576,272097792,6.7000,1.9000
649,10,3.4000,0.9165,649,5.5000,2.2913,273359449,6.5000,1.6279
650,10,3.1000,1.3748,650,6.4000,2.2000,274625000,7.6000,1.7436
651,10,3.3000,1.6763,651,7.2000,1.8868,275894451,7.5000,1.3601
652,10,3.0000,1.2649,652,7.1000,1.9209,277167808,7.5000,1.8574
653,10,3.1000,0.7000,653,5.2000,2.7129,278445077,7.0000,2.4083
654,10,2.8000,0.9798,654,5.3000,1.7916,279726264,6.6000,2.0591
655,10,3.6000,1.4283,655,7.5000,2.0616,281011375,6.0000,2.1448
656,10,2.5000,1.2042,656,7.1000,3.1765,282300416,7.0000,1.7889
657,10,3.2000,0.6000,657,6.8000,1.3266,283593393,7.3000,2.1471
658,10,3.4000,1.1136,658,7.2000,2.4000,284890312,9.4000,2.7276
659,10,3.2000,0.8718,659,7.2000,2.6000,286191179,7.2000,1.8868
660,10,2.9000,1.0440,660,6.7000,2.5318,287496000,7.2000,0.6000
661,10,3.3000,1.3454,661,6.5000,2.0125,288804781,7.1000,1.8682
662,10,2.7000,1.3454,662,6.8000,3.0594,290117528,7.7000,1.4177
663,10,3.2000,0.9798,663,7.5000,1.9105,291434247,7.5000,1.9105
664,10,1.9000,0.7000,664,5.3000,2.1932,292754944,6.8000,1.7205
665,10,2.8000,0.6000,665,6.0000,1.7321,294079625,7.0000,2.3664
666,10,3.4000,1.4283,666,7.8000,2.0881,295408296,6.2000,1.4697
667,10,3.3000,1.6763,667,7.6000,1.4967,296740963,7.1000,1.3000
668,10,3.2000,0.7483,668,6.1000,1.5133,298077632,7.8000,2.9597
669,10,2.7000,0.9000,669,8.3000,2.3685,299418309,8.0000,2.0000
670,10,3.1000,1.1358,670,7.2000,2.2716,300763000,6.5000,2.4187
671,10,3.0000,1.0000,671,6.6000,1.9079,302111711,6.8000,2.0881
672,10,3.7000,0.9000,672,6.3000,1.7916,303464448,7.5000,3.6674
673,10,3.0000,0.8944,673,5.4000,1.5620,304821217,6.2000,2.0881
674,10,3.3000,1.0050,674,7.1000,1.9209,306182024,5.7000,1.8466
675,10,3.0000,1.1832,675,6.4000,1.2000,307546875,7.5000,2.6173
676,10,2.7000,0.7810,676,5.9000,2.2113,308915776,6.2000,1.0770
677,10,3.4000,1.1136,677,7.5000,2.2472,310288733,7.0000,1.7321
678,10,3.2000,0.9798,678,6.4000,2.0591,311665752,6.8000,2.0881
679,10,2.6000,0.8000,679,5.6000,1.9079,313046839,6.2000,1.6613
680,10,2.7000,0.9000,680,7.9000,2.2561,314432000,7.3000,2.0518
681,10,3.7000,1.1000,681,7.0000,2.0494,315821241,7.0000,2.1909
682,10,3.5000,1.0247,682,8.3000,2.7221,317214568,8.1000,3.1448
683,10,2.3000,0.6403,683,8.0000,4.0000,318611987,8.8000,2.8213
684,10,2.9000,0.5385,684,6.4000,2.1541,320013504,6.7000,2.7221
685,10,3.3000,1.3454,685,6.1000,2.0712,321419125,6.6000,1.6852
686,10,2.5000,0.8062,686,5.5000,2.4597,322828856,7.1000,1.5133
687,10,2.8000,1.6000,687,6.1000,1.5780,324242703,6.8000,2.2271
688,10,3.8000,1.5362,688,7.5000,2.2913,325660672,7.3000,1.4866
689,10,3.8000,1.0770,689,5.5000,2.1564,327082769,6.2000,2.2716
690,10,4.1000,1.1358,690,6.6000,2.6533,328509000,7.5000,2.6552
691,10,2.8000,0.8718,691,7.1000,3.5341,329939371,7.1000,2.5475
692,10,3.6000,1.2806,692,6.6000,2.4980,331373888,6.2000,1.6000
693,10,2.8000,1.0770,693,6.7000,2.8653,332812557,6.9000,3.2078
694,10,3.2000,0.7483,694,6.7000,1.8466,334255384,6.0000,2.0976
695,10,2.5000,0.9220,695,4.9000,1.9723,335702375,7.6000,1.9079
696,10,2.8000,0.7483,696,6.6000,1.9079,337153536,7.0000,1.7889
697,10,2.7000,1.1874,697,6.2000,1.9900,338608873,6.9000,1.3748
698,10,2.8000,0.7483,698,7.0000,2.0000,340068392,9.4000,2.9732
699,10,3.2000,1.3266,699,6.4000,1.6248,341532099,7.0000,1.7889
700,10,2.3000,1.1000,700,6.0000,1.0000,343000000,8.1000,2.1190
701,10,3.7000,1.1000,701,6.2000,2.3580,344472101,8.1000,2.2113
702,10,3.3000,1.1874,702,7.0000,2.8284,345948408,6.8000,1.6613
703,10,2.6000,1.4283,703,6.8000,2.1817,347428927,7.8000,1.3266
704,10,3.2000,1.2490,704,7.3000,1.5524,348913664,6.6000,3.1686
705,10,3.2000,1.3266,705,6.3000,1.9519,350402625,6.2000,1.0770
706,10,3.3000,0.7810,706,7.1000,2.2561,351895816,8.1000,2.0712
707,10,3.7000,0.7810,707,6.7000,1.6763,353393243,8.2000,3.0919
708,10,2.7000,0.9000,708,5.0000,1.7889,354894912,7.4000,4.0546
709,10,2.8000,0.9798,709,7.0000,2.5298,356400829,8.6000,2.3324
710,10,3.1000,1.1358,710,6.9000,3.1448,357911000,7.2000,2.3152
711,10,2.6000,1.4967,711,6.2000,2.3580,359425431,7.0000,2.4083
712,10,3.4000,1.1136,712,6.3000,1.5524,360944128,6.7000,3.2573
713,10,2.9000,0.8307,713,6.8000,2.8914,362467097,8.0000,1.5492
714,10,3.0000,1.4142,714,6.8000,2.4819,363994344,8.8000,2.5612
715,10,2.6000,1.4283,715,6.0000,2.8636,365525875,7.2000,1.8868
716,10,3.0000,1.0954,716,6.2000,1.7205,367061696,7.7000,3.1953
717,10,3.0000,0.6325,717,7.1000,2.7000,368601813,7.7000,2.0518
718,10,3.7000,1.1874,718,6.3000,1.4866,370146232,5.5000,1.5652
719,10,3.4000,1.2000,719,6.7000,1.7916,371694959,7.7000,3.0348
720,10,3.3000,1.3454,720,6.2000,2.2271,373248000,8.1000,1.8138
721,10,2.6000,1.2000,721,6.8000,2.5219,374805361,7.5000,2.5397
722,10,2.5000,0.9220,722,6.1000,3.3302,376367048,7.7000,2.3259
723,10,2.9000,1.1358,723,6.6000,1.8547,377933067,7.2000,1.8868
724,10,2.9000,0.9434,724,6.8000,2.6382,379503424,7.5000,1.5652
725,10,3.1000,1.4457,725,7.2000,2.0881,381078125,7.4000,2.5768
726,10,2.6000,1.3565,726,7.3000,1.7916,382657176,7.7000,1.1874
727,10,3.3000,1.1874,727,6.2000,1.8330,384240583,6.1000,1.9723
728,10,3.0000,1.0000,728,6.7000,2.5318,385828352,9.3000,2.7946
729,10,2.5000,1.3601,729,7.1000,2.5080,387420489,8.0000,2.4083
730,10,3.0000,1.3416,730,6.3000,1.3454,389017000,7.2000,2.0396
731,10,3.1000,0.8307,731,6.7000,1.9519,390617891,7.1000,1.4457
732,10,2.7000,1.1874,732,6.8000,2.2716,392223168,8.1000,2.9138
733,10,3.4000,1.2000,733,6.9000,2.4678,393832837,8.1000,2.5865
734,10,2.7000,1.2689,734,6.3000,1.6763,395446904,8.1000,1.3000
735,10,2.8000,0.7483,735,7.9000,1.3748,397065375,6.2000,2.1817
736,10,3.5000,1.9105,736,6.3000,1.8466,398688256,8.3000,3.0017
737,10,3.0000,1.0000,737,5.6000,1.8547,400315553,7.6000,1.8547
738,10,3.7000,1.0050,738,6.8000,2.6000,401947272,6.5000,2.1095
739,10,2.8000,0.8718,739,8.1000,1.6401,403583419,7.1000,2.6249
740,10,3.4000,1.2000,740,6.8000,2.1817,405224000,7.8000,1.5362
741,10,3.0000,0.7746,741,7.9000,2.6627,406869021,7.3000,2.1932
742,10,3.1000,0.9434,742,6.4000,1.9596,408518488,7.9000,2.5475
743,10,3.9000,1.3000,743,5.8000,2.6758,410172407,6.7000,1.4866
744,10,2.5000,1.1180,744,6.2000,1.7205,411830784,6.4000,2.3324
745,10,2.9000,1.3000,745,6.4000,3.9294,413493625,7.9000,2.5080
746,10,3.1000,1.2207,746,6.8000,2.7857,415160936,7.6000,1.9596
747,10,2.5000,1.0247,747,5.9000,1.3000,416832723,6.7000,2.7221
748,10,3.2000,1.0770,748,7.1000,1.9209,418508992,8.0000,2.1448
749,10,3.0000,0.7746,749,6.3000,2.0025,420189749,7.1000,2.0712
750,10,3.0000,0.8944,750,5.9000,1.1358,421875000,6.3000,2.5318
751,10,3.1000,1.2207,751,5.4000,2.4576,423564751,7.1000,2.2561
752,10,3.0000,1.1832,752,6.3000,2.1471,425259008,8.5000,2.6173
753,10,2.7000,1.6155,753,5.4000,1.5620,426957777,7.7000,2.4104
754,10,4.3000,1.4177,754,7.4000,2.6533,428661064,6.6000,2.2450
755,10,3.0000,0.7746,755,6.5000,2.0616,430368875,7.2000,1.5362
756,10,3.1000,1.1358,756,6.2000,2.5612,432081216,7.9000,1.7578
757,10,2.7000,0.7810,757,8.3000,1.7349,433798093,8.8000,2.4000
758,10,2.3000,1.0050,758,6.5000,2.2472,435519512,7.8000,1.3266
759,10,2.2000,0.8718,759,7.5000,2.1095,437245479,6.0000,1.7889
760,10,3.1000,0.9434,760,6.2000,1.7776,438976000,7.5000,2.1564
761,10,3.1000,0.8307,761,7.1000,1.7000,440711081,7.6000,3.1686
762,10,2.8000,0.6000,762,7.4000,2.8355,442450728,7.3000,1.9000
763,10,2.7000,0.6403,763,5.4000,1.6248,444194947,7.1000,2.4269
764,10,3.1000,0.9434,764,7.5000,2.2023,445943744,8.6000,2.4166
765,10,3.4000,0.9165,765,6.2000,1.8330,447697125,7.7000,2.4515
766,10,3.2000,1.9391,766,6.7000,3.2879,449455096,7.0000,2.4083
767,10,2.5000,1.0247,767,6.0000,1.4142,451217663,7.7000,1.9519
768,10,2.9000,1.3000,768,6.8000,2.4413,452984832,7.6000,2.8000
769,10,2.9000,1.8682,769,7.6000,1.2000,454756609,7.9000,3.3000
770,10,2.9000,0.9434,770,8.1000,2.7000,456533000,6.1000,1.5780
771,10,3.3000,0.6403,771,5.8000,2.0396,458314011,7.3000,1.7916
772,10,3.1000,1.1358,772,6.4000,1.9079,460099648,7.0000,2.1448
773,10,2.7000,1.1874,773,8.1000,1.5780,461889917,7.0000,1.7889
774,10,3.1000,1.1358,774,6.7000,1.5524,463684824,9.6000,2.9732
775,10,3.1000,0.9434,775,6.5000,2.4187,465484375,8.1000,1.9723
776,10,3.2000,0.9798,776,7.1000,2.9138,467288576,7.2000,3.1241
777,10,3.0000,1.3416,777,7.1000,1.5133,469097433,6.3000,2.4920
778,10,2.3000,1.3454,778,6.2000,2.0881,470910952,7.6000,1.6852
779,10,3.1000,0.9434,779,7.8000,2.9257,472729139,6.1000,1.8138
780,10,3.2000,1.3266,780,5.6000,2.0591,474552000,7.3000,1.7349
781,10,3.3000,1.1000,781,6.4000,2.2000,476379541,7.7000,2.1000
782,10,2.1000,0.8307,782,7.1000,2.2561,478211768,6.9000,1.8682
783,10,3.2000,1.1662,783,6.0000,1.0000,480048687,6.8000,1.9900
784,10,2.8000,0.8718,784,6.6000,2.3324,481890304,8.1000,2.7731
785,10,2.8000,0.9798,785,5.6000,1.9079,483736625,7.0000,1.8439
786,10,2.7000,1.1874,786,8.0000,1.8439,485587656,7.9000,2.7731
787,10,3.4000,1.1136,787,7.0000,1.8974,487443403,6.3000,1.3454
788,10,3.2000,0.7483,788,6.6000,2.8355,489303872,7.3000,2.0025
789,10,3.4000,1.3565,789,6.2000,1.6000,491169069,6.8000,2.7129
790,10,2.7000,0.7810,790,6.8000,2.1817,493039000,7.9000,2.2113
791,10,2.6000,0.6633,791,6.8000,2.4000,494913671,6.6000,1.6248
792,10,3.0000,1.2649,792,7.9000,2.2113,496793088,7.2000,2.5612
793,10,3.2000,0.8718,793,7.5000,2.0616,498677257,7.3000,2.8653
794,10,3.1000,0.9434,794,6.9000,2.2561,500566184,6.7000,2.2825
795,10,3.1000,1.3000,795,7.2000,2.1354,502459875,7.6000,2.2891
796,10,2.6000,1.1136,796,7.7000,2.2825,504358336,6.8000,1.6613
797,10,2.3000,1.0050,797,6.2000,1.9900,506261573,7.9000,2.7000
798,10,2.8000,0.9798,798,7.0000,1.3416,508169592,7.1000,2.4678
799,10,3.7000,1.4177,799,7.4000,3.0397,510082399,5.6000,2.1071
800,10,3.1000,1.5133,800,6.2000,1.6613,512000000,7.4000,1.7436
801,10,2.9000,0.5385,801,6.7000,0.6403,513922401,7.5000,2.5000
802,10,3.5000,1.1180,802,6.8000,2.4819,515849608,7.2000,1.4697
803,10,2.2000,0.9798,803,7.6000,2.6153,517781627,6.4000,2.0591
804,10,2.7000,1.0050,804,5.8000,1.6613,519718464,7.3000,2.1471
805,10,2.8000,0.9798,805,7.1000,1.7578,521660125,7.7000,1.4866
806,10,3.1000,1.0440,806,6.9000,2.4678,523606616,8.0000,1.6733
807,10,2.6000,0.9165,807,6.8000,1.7776,525557943,7.8000,2.4819
808,10,3.3000,1.7916,808,6.4000,2.9052,527514112,6.8000,2.1354
809,10,2.3000,1.0050,809,8.1000,2.4678,529475129,6.6000,2.4576
810,10,2.5000,1.2042,810,6.4000,1.8547,531441000,6.2000,1.4697
811,10,3.1000,0.5385,811,5.7000,2.3259,533411731,8.0000,2.1448
812,10,3.4000,1.1136,812,5.8000,1.8868,535387328,8.1000,2.2113
813,10,3.2000,0.8718,813,6.7000,2.1471,537367797,9.2000,2.0881
814,10,3.3000,0.9000,814,7.2000,3.1559,539353144,7.2000,1.5362
815,10,2.9000,1.1358,815,7.6000,1.8000,541343375,7.8000,1.6000
816,10,3.6000,0.6633,816,7.7000,3.3481,543338496,8.0000,2.6833
817,10,2.8000,0.8718,817,6.8000,2.0396,545338513,6.4000,2.0100
818,10,3.3000,1.1000,818,7.2000,2.0881,547343432,7.2000,2.7129
819,10,3.5000,1.2042,819,6.8000,2.3580,549353259,7.0000,2.0000
820,10,2.8000,0.9798,820,6.7000,2.1932,551368000,7.6000,2.7276
821,10,2.9000,1.2207,821,7.0000,1.9494,553387661,7.0000,2.4083
822,10,2.2000,1.0770,822,7.0000,2.8284,555412248,6.8000,2.3152
823,10,3.1000,1.1358,823,5.4000,1.9079,557441767,6.9000,2.3431
824,10,2.9000,1.1358,824,5.5000,1.6279,559476224,6.8000,2.3152
825,10,3.0000,1.1832,825,6.3000,1.9519,561515625,7.5000,2.1095
826,10,3.0000,1.4142,826,6.7000,3.7696,563559976,8.1000,2.2561
827,10,3.1000,1.3000,827,7.8000,2.0396,565609283,8.1000,1.8138
828,10,3.2000,1.2490,828,6.0000,2.2361,567663552,7.5000,1.5652
829,10,3.2000,1.5362,829,5.8000,1.4697,569722789,8.6000,2.7641
830,10,2.7000,1.4177,830,7.8000,2.3152,571787000,7.4000,2.0591
831,10,3.8000,0.6000,831,8.3000,2.0518,573856191,7.3000,1.6155
832,10,2.9000,1.2207,832,7.3000,2.7586,575930368,7.0000,1.3416
833,10,2.8000,1.4697,833,6.0000,2.4083,578009537,7.6000,1.8000
834,10,3.8000,1.3266,834,7.5000,1.9621,580093704,6.6000,1.6248
835,10,2.7000,0.9000,835,7.4000,2.2000,582182875,7.4000,2.3749
836,10,2.9000,0.5385,836,7.2000,2.0396,584277056,7.0000,1.8974
837,10,2.9000,0.7000,837,6.3000,2.4104,586376253,6.6000,2.3749
838,10,2.6000,0.6633,838,6.2000,2.0881,588480472,8.1000,2.9479
839,10,3.3000,1.4866,839,6.4000,1.5620,590589719,7.1000,1.9209
840,10,3.3000,1.4866,840,6.7000,1.9519,592704000,7.7000,0.9000
841,10,3.1000,0.7000,841,6.4000,1.5620,594823321,7.2000,1.4000
842,10,2.9000,1.2207,842,6.6000,2.4576,596947688,6.3000,1.6763
843,10,2.8000,0.9798,843,6.0000,1.3416,599077107,7.8000,2.7129
844,10,3.0000,1.0954,844,7.4000,2.1071,601211584,6.9000,1.3000
845,10,3.0000,0.8944,845,6.1000,1.0440,603351125,7.8000,2.7129
846,10,2.8000,0.6000,846,7.7000,2.1471,605495736,7.2000,2.6000
847,10,3.1000,1.0440,847,6.0000,2.3238,607645423,7.1000,1.5780
848,10,2.3000,0.9000,848,7.5000,2.1095,609800192,8.8000,2.5612
849,10,3.1000,1.5780,849,5.7000,1.0050,611960049,7.0000,2.5298
850,10,3.0000,1.4142,850,7.5000,2.5397,614125000,6.0000,2.0494
851,10,3.2000,0.7483,851,6.2000,1.4697,616295051,6.8000,2.0881
852,10,3.1000,1.2207,852,6.9000,2.6249,618470208,7.3000,1.8466
853,10,3.2000,1.4000,853,6.7000,2.3685,620650477,6.6000,2.0591
854,10,3.1000,1.1358,854,6.1000,1.8138,622835864,7.1000,2.7731
855,10,2.6000,1.2806,855,7.4000,3.2000,625026375,7.0000,1.6125
856,10,3.5000,1.0247,856,7.0000,2.4083,627222016,7.2000,1.7205
857,10,3.2000,0.7483,857,6.8000,1.6613,629422793,8.2000,1.7205
858,10,3.2000,0.7483,858,6.1000,2.4269,631628712,6.9000,1.4457
859,10,3.3000,1.4177,859,7.3000,1.0050,633839779,6.6000,2.8705
860,10,2.7000,1.4866,860,7.0000,2.3238,636056000,7.4000,2.2000
861,10,2.8000,1.4697,861,6.7000,2.5710,638277381,7.5000,1.9621
862,10,3.2000,1.6000,862,7.4000,2.0591,640503928,8.2000,1.7205
863,10,2.3000,1.1000,863,7.5000,1.8574,642735647,6.5000,2.0616
864,10,3.1000,1.1358,864,5.6000,2.6153,644972544,8.0000,1.8439
865,10,3.3000,1.1874,865,5.6000,2.2450,647214625,7.1000,1.5780
866,10,3.6000,1.0198,866,6.1000,1.3000,649461896,7.6000,2.9052
867,10,3.7000,1.1000,867,8.3000,1.9000,651714363,6.8000,2.6758
868,10,3.1000,1.2207,868,6.7000,1.1874,653972032,7.3000,1.5524
869,10,3.4000,1.1136,869,6.9000,1.6401,656234909,6.1000,1.7578
870,10,3.0000,1.2649,870,6.8000,2.1817,658503000,9.0000,1.5492
871,10,2.9000,1.0440,871,5.8000,2.0881,660776311,8.5000,2.0616
872,10,2.6000,0.9165,872,6.3000,1.9000,663054848,7.4000,0.8000
873,10,3.7000,1.2689,873,6.2000,1.8868,665338617,7.0000,2.5298
874,10,2.8000,1.0770,874,6.3000,2.3685,667627624,6.5000,1.8574
875,10,3.1000,1.5133,875,7.4000,1.8000,669921875,8.6000,2.2450
876,10,3.3000,0.9000,876,6.2000,1.7205,672221376,6.1000,2.1656
877,10,2.9000,1.1358,877,5.8000,1.9391,674526133,7.6000,3.0067
878,10,3.0000,1.2649,878,6.7000,1.6155,676836152,7.3000,2.4920
879,10,3.3000,1.2689,879,7.3000,2.4104,679151439,7.3000,2.1471
880,10,3.2000,1.1662,880,6.6000,2.2891,681472000,7.1000,2.1656
881,10,3.2000,1.0770,881,7.7000,2.1471,683797841,7.4000,1.4967
882,10,3.2000,1.7205,882,7.0000,1.7889,686128968,8.2000,3.8936
883,10,3.8000,1.3266,883,6.8000,2.1354,688465387,7.9000,3.5623
884,10,3.0000,1.2649,884,5.7000,1.4866,690807104,8.7000,2.1932
885,10,2.4000,0.9165,885,7.8000,1.9391,693154125,7.5000,2.1095
886,10,3.0000,0.8944,886,7.0000,2.0976,695506456,6.7000,2.3259
887,10,3.2000,1.2490,887,6.7000,1.4177,697864103,7.7000,1.6763
888,10,2.4000,1.3565,888,7.5000,1.5000,700227072,6.9000,2.1190
889,10,3.4000,0.9165,889,7.5000,1.0247,702595369,6.7000,1.6155
890,10,3.1000,1.3000,890,7.2000,2.4413,704969000,6.6000,1.8547
891,10,3.1000,1.1358,891,7.2000,2.6758,707347971,8.5000,2.2472
892,10,3.3000,1.0050,892,7.4000,1.5620,709732288,6.7000,2.9000
893,10,2.5000,1.3601,893,6.7000,1.8466,712121957,7.4000,2.5377
894,10,3.2000,1.4697,894,5.9000,2.2561,714516984,7.7000,3.2879
895,10,2.6000,1.0198,895,7.9000,1.7578,716917375,7.4000,1.6852
896,10,2.7000,1.6155,896,6.6000,1.6852,719323136,6.1000,2.5080
897,10,2.6000,0.6633,897,5.7000,1.8466,721734273,7.9000,2.2113
898,10,3.4000,0.8000,898,6.4000,2.2891,724150792,8.0000,1.6125
899,10,2.9000,1.3000,899,6.7000,2.3259,726572699,7.6000,1.9596
900,10,2.9000,0.7000,900,6.9000,1.8682,729000000,7.5000,3.1385
901,10,2.8000,0.8718,901,5.2000,1.7776,731432701,7.2000,2.8566
902,10,2.7000,0.7810,902,6.9000,1.2207,733870808,7.9000,2.6249
903,10,3.3000,0.9000,903,6.0000,2.0494,736314327,7.0000,1.8439
904,10,2.3000,0.7810,904,6.7000,2.2825,738763264,8.3000,3.4366
905,10,2.9000,1.3000,905,7.0000,1.8974,741217625,7.3000,2.6096
906,10,3.1000,1.3000,906,7.2000,2.5612,743677416,8.9000,2.7368
907,10,3.0000,0.8944,907,7.0000,1.6733,746142643,9.1000,2.7000
908,10,2.9000,1.3000,908,7.7000,2.4515,748613312,7.8000,1.2490
909,10,3.5000,1.5000,909,7.9000,3.1129,751089429,6.9000,1.5780
910,10,3.8000,1.7776,910,5.4000,1.7436,753571000,7.4000,2.2000
911,10,2.8000,0.9798,911,5.8000,1.4697,756058031,7.8000,2.2271
912,10,2.6000,0.6633,912,7.5000,2.4187,758550528,7.2000,1.3266
913,10,2.6000,1.5620,913,6.4000,2.7276,761048497,7.0000,2.3664
914,10,2.9000,0.9434,914,7.5000,1.9621,763551944,9.3000,2.6096
915,10,2.9000,1.3000,915,6.3000,2.1000,766060875,7.3000,1.5524
916,10,2.4000,1.0198,916,6.2000,2.2271,768575296,8.3000,2.4920
917,10,2.8000,1.0770,917,7.5000,1.8028,771095213,6.9000,2.7000
918,10,3.6000,1.1136,918,6.2000,1.6613,773620632,8.2000,1.8330
919,10,3.5000,1.5000,919,6.9000,2.0224,776151559,6.6000,1.6852
920,10,3.0000,1.4142,920,6.7000,2.1471,778688000,8.3000,2.3259
921,10,3.4000,1.3565,921,8.5000,1.7464,781229961,7.2000,2.0881
922,10,3.0000,1.2649,922,6.3000,2.7586,783777448,7.6000,1.6852
923,10,2.5000,1.2042,923,7.6000,2.5768,786330467,7.0000,1.0000
924,10,2.5000,0.5000,924,7.3000,2.1471,788889024,8.0000,2.6077
925,10,3.4000,1.3565,925,8.6000,1.6248,791453125,6.6000,1.5620
926,10,2.8000,1.4000,926,6.6000,1.7436,794022776,8.3000,2.1471
927,10,3.2000,1.3266,927,7.3000,1.1874,796597983,5.9000,1.6401
928,10,2.5000,1.0247,928,7.2000,3.7630,799178752,6.4000,2.9394
929,10,3.2000,1.1662,929,5.9000,1.8138,801765089,6.9000,3.0150
930,10,2.6000,0.8000,930,7.1000,2.9479,804357000,8.2000,2.3152
931,10,2.9000,1.4457,931,7.4000,2.0591,806954491,7.0000,2.5298
932,10,2.4000,1.1136,932,7.3000,2.6851,809557568,7.6000,2.1541
933,10,3.5000,1.0247,933,6.6000,1.8547,812166237,8.5000,2.5788
934,10,2.8000,1.4000,934,8.6000,1.4967,814780504,7.3000,1.9000
935,10,3.3000,1.6763,935,6.9000,3.1765,817400375,6.2000,2.0881
936,10,3.0000,1.2649,936,7.9000,2.0224,820025856,6.1000,1.2207
937,10,3.3000,0.7810,937,6.4000,2.8000,822656953,7.4000,2.0100
938,10,3.2000,1.1662,938,6.5000,1.8574,825293672,7.2000,1.8868
939,10,3.6000,1.0198,939,5.0000,1.4142,827936019,7.6000,3.3226
940,10,3.5000,1.1180,940,6.9000,2.4678,830584000,5.7000,2.4104
941,10,2.6000,1.3565,941,7.3000,2.3259,833237621,6.2000,1.9900
942,10,2.5000,1.1180,942,7.2000,2.0396,835896888,7.2000,2.0396
943,10,3.7000,1.1874,943,6.9000,1.7578,838561807,8.4000,3.0067
944,10,2.7000,0.6403,944,6.0000,2.9665,841232384,6.9000,2.5865
945,10,3.2000,0.8718,945,7.1000,2.5865,843908625,6.1000,2.5865
946,10,2.6000,1.2806,946,6.8000,2.2271,846590536,7.4000,2.0591
947,10,2.7000,0.6403,947,7.3000,1.1874,849278123,6.1000,1.0440
948,10,3.5000,1.0247,948,7.6000,1.8547,851971392,7.1000,2.1190
949,10,3.4000,1.5620,949,8.5000,2.3345,854670349,6.5000,1.5000
950,10,3.1000,1.0440,950,7.7000,2.4104,857375000,7.4000,1.4967
951,10,3.7000,1.4177,951,7.2000,1.7205,860085351,7.0000,3.0659
952,10,3.4000,1.5620,952,7.1000,1.8138,862801408,7.9000,1.7000
953,10,3.2000,0.8718,953,5.3000,1.7349,865523177,8.4000,2.4980
954,10,2.0000,1.0000,954,6.6000,2.5768,868250664,7.4000,1.7436
955,10,3.4000,1.3565,955,7.2000,1.7776,870983875,6.9000,1.9723
956,10,3.4000,0.6633,956,7.4000,2.2000,873722816,9.2000,2.6382
957,10,3.5000,1.4318,957,7.6000,1.4967,876467493,6.5000,3.3541
958,10,2.7000,1.0050,958,8.3000,2.0518,879217912,8.4000,1.9079
959,10,3.2000,0.7483,959,7.2000,3.1241,881974079,8.0000,2.3238
960,10,2.5000,0.6708,960,7.3000,1.2689,884736000,7.0000,2.5298
961,10,2.5000,1.4318,961,6.9000,1.1358,887503681,7.3000,1.5524
962,10,2.8000,0.7483,962,6.5000,2.1564,890277128,6.9000,1.9209
963,10,2.7000,1.0050,963,7.0000,1.4832,893056347,7.2000,2.4000
964,10,3.0000,0.8944,964,7.7000,2.4515,895841344,7.3000,2.3259
965,10,3.2000,1.0770,965,6.7000,2.0518,898632125,6.4000,1.4967
966,10,3.3000,1.3454,966,6.8000,2.5612,901428696,7.2000,1.8330
967,10,3.1000,1.3000,967,7.1000,1.2207,904231063,8.0000,2.2361
968,10,2.9000,1.0440,968,6.8000,2.3580,907039232,8.6000,2.9732
969,10,3.2000,1.4000,969,6.8000,1.4697,909853209,7.3000,2.3685
970,10,2.7000,0.9000,970,6.8000,1.9900,912673000,8.0000,2.2361
971,10,3.0000,0.8944,971,6.6000,2.3324,915498611,7.5000,1.0247
972,10,2.8000,0.7483,972,6.8000,2.4000,918330048,7.2000,2.4000
973,10,2.8000,0.6000,973,8.2000,2.5612,921167317,7.1000,1.9209
974,10,3.4000,1.4967,974,6.0000,1.7321,924010424,6.1000,2.1656
975,10,3.3000,0.9000,975,6.4000,1.3565,926859375,6.7000,2.4104
976,10,2.9000,1.2207,976,6.5000,3.5847,929714176,7.6000,2.2450
977,10,3.2000,1.3266,977,7.2000,1.8330,932574833,7.9000,2.3431
978,10,3.0000,1.1832,978,6.1000,2.0712,935441352,7.8000,1.4697
979,10,3.2000,0.8718,979,6.3000,1.7916,938313739,8.4000,2.2450
980,10,2.8000,0.8718,980,7.3000,2.2383,941192000,7.0000,2.0000
981,10,3.2000,1.0770,981,8.1000,1.8682,944076141,7.2000,2.4413
982,10,2.8000,1.4000,982,7.1000,2.3000,946966168,8.5000,2.3770
983,10,3.2000,1.0770,983,7.1000,1.4457,949862087,8.3000,1.6155
984,10,3.3000,1.0050,984,7.2000,2.1817,952763904,6.9000,2.6249
985,10,2.6000,0.9165,985,6.0000,1.3416,955671625,8.0000,2.5298
986,10,2.8000,0.8718,986,6.3000,2.2383,958585256,7.4000,2.2000
987,10,2.8000,0.6000,987,7.3000,2.8302,961504803,7.2000,2.3580
988,10,3.0000,1.1832,988,7.0000,2.7928,964430272,8.1000,1.5133
989,10,2.9000,1.4457,989,7.5000,2.8723,967361669,8.0000,1.8439
990,10,2.5000,0.8062,990,8.1000,2.4269,970299000,7.6000,2.6153
991,10,3.3000,1.2689,991,5.4000,0.9165,973242271,7.7000,3.0017
992,10,3.3000,1.4177,992,7.1000,2.9816,976191488,7.5000,2.0125
993,10,3.1000,1.0440,993,8.1000,2.3000,979146657,7.5000,2.3345
994,10,2.4000,1.4283,994,5.8000,2.0881,982107784,8.2000,1.7205
995,10,2.9000,1.2207,995,6.9000,1.8138,985074875,8.5000,2.8373
996,10,2.7000,0.9000,996,6.8000,2.6382,988047936,6.4000,2.2891
997,10,2.8000,1.2490,997,6.8000,2.4413,991026973,7.7000,2.7946
998,10,3.2000,1.1662,998,8.0000,1.8439,994011992,9.5000,3.4424
999,10,3.4000,1.2806,999,6.4000,1.3565,997002999,8.3000,2.8653
1000,10,2.4000,0.8000,1000,6.3000,1.6155,1000000000,6.5000,2.0125
